Type of electricity generation,Elect_all,HydraulicTurbine,ConventionalSteam,NuclearSteam,InternalCombustion,CombustionTurbine,TotalCombustable,TidalTurbine,WindTurbine,Solar,Other,GDP_all,Goods-producing industries  [T002] 4,Service-producing industries  [T003] 4,Business sector industries  [T004],Non-business sector industries  [T007],Industrial production  [T010] 4,Non-durable manufacturing industries  [T011] 4,Durable manufacturing industries  [T012] 4,Information and communication technology sector  [T013] 4,Energy sector  [T016] 4,Industrial production (1950 definition)  [T017] 4,Public Sector  [T018] 4,Content and media sector  [T019] 4,All industries (ecept cannabis sector)  [T020] 4,Cannabis sector  [T021] 4,All industries (ecept unlicensed cannabis sector)  [T024] 4,"Agriculture, forestry, fishing and hunting  [11]","Mining, quarrying, and oil and gas etraction  [21]",Utilities  [22],Construction  [23],Manufacturing  [31-33],Wholesale trade  [41],Retail trade  [44-45],Transportation and warehousing  [48-49],Information and cultural industries  [51],Finance and insurance  [52],Real estate and rental and leasing  [53],"Professional, scientific and technical services  [54]",Management of companies and enterprises  [55],"Administrative and support, waste management and remediation services  [56]",Educational services  [61],Health care and social assistance  [62],"Arts, entertainment and recreation  [71]",Accommodation and food services  [72],Other services (ecept public administration)  [81],Public administration  [91]
8-Jan,"59,082,501","36,647,695","11,021,441","8,963,878","105,643","2,154,775",,"2,417","186,652",,,"1,619,678","505,668","1,112,463","1,330,922","287,972","359,342","89,546","106,392","69,405","147,896","355,639","308,687","14,560","1,615,977","3,691","1,615,930","30,845","121,234","38,813","118,962","196,215","82,618","84,804","67,652","52,951","100,159","185,173","90,759","11,238","47,063","87,009","112,653","13,386","33,727","33,615","108,966"
8-Feb,"55,885,424","35,553,845","10,394,851","7,615,360","96,886","2,087,892",,"1,915","134,675",,,"1,616,737","505,702","1,109,636","1,327,270","288,817","358,661","89,227","107,240","69,219","146,365","354,873","309,515","14,645","1,613,061","3,688","1,613,045","31,502","119,650","39,584","119,182","196,824","81,557","84,081","67,646","53,086","98,895","185,079","91,070","11,350","46,921","87,228","112,561","13,259","33,181","33,657","109,675"
8-Mar,"55,068,839","34,786,029","10,641,638","7,260,833","93,605","2,132,409",,"2,473","151,852",,,"1,619,632","505,593","1,112,941","1,329,382","289,662","358,425","87,917","105,243","69,375","148,332","354,566","310,218","14,595","1,615,997","3,700","1,615,982","32,081","121,653","39,767","118,819","193,480","82,410","84,219","67,644","52,996","99,679","185,306","91,276","11,473","46,815","87,420","112,762","13,209","33,568","33,764","109,993"
8-Apr,"48,248,631","30,858,656","9,137,800","6,172,735","83,360","1,855,890",,"2,447","137,743",,,"1,623,011","506,962","1,115,090","1,331,668","290,830","360,461","89,803","106,112","69,360","147,919","356,539","311,427","14,626","1,619,401","3,700","1,619,401","32,573","121,278","39,936","117,573","196,153","82,128","84,508","67,767","52,968","99,674","185,628","91,600","11,545","46,584","87,680","113,119","13,388","33,713","33,891","110,597"
8-May,"45,495,615","29,209,400","8,288,088","5,999,932","76,660","1,792,890",,"2,400","126,245",,,"1,622,950","505,964","1,116,183","1,330,761","291,749","358,298","89,574","107,275","69,816","145,087","354,306","312,389","14,664","1,619,356","3,702","1,619,341","32,314","118,910","39,746","119,122","197,185","82,581","84,452","67,972","52,994","98,405","185,912","91,914","11,622","46,465","87,934","113,304","13,603","33,851","33,940","111,118"
8-Jun,"44,966,961","27,809,714","8,743,941","6,642,693","70,058","1,598,850",,"1,249","100,456",,,"1,626,157","507,135","1,118,195","1,333,138","292,554","359,729","89,420","106,270","69,750","146,882","355,695","313,219","14,740","1,622,556","3,719","1,622,541","32,520","120,976","39,662","118,573","195,970","83,168","84,771","68,180","53,022","98,054","186,326","92,209","11,677","46,263","88,025","113,607","13,436","33,899","33,955","111,562"
8-Jul,"49,424,948","29,970,356","9,655,088","7,851,791","83,260","1,773,989",,-115,"90,579",,,"1,633,235","512,569","1,119,530","1,339,064","293,642","364,501","89,867","106,598","69,397","150,834","360,413","314,332","14,749","1,629,601","3,726","1,629,602","33,115","124,335","39,602","118,538","196,741","83,502","84,407","68,390","52,999","97,994","186,639","92,202","11,707","46,133","88,311","113,786","13,500","33,707","34,042","112,215"
8-Aug,"48,066,719","28,602,613","9,659,891","7,849,761","63,093","1,790,211",,-71,"101,221",,,"1,631,956","508,567","1,122,393","1,336,631","294,810","360,585","87,887","105,186","69,757","149,932","356,457","315,620","15,109","1,628,277","3,746","1,628,294","33,356","123,382","39,740","118,386","193,416","83,083","84,528","68,069","53,450","97,498","187,222","93,071","11,839","46,234","88,674","114,298","13,528","34,197","34,231","112,629"
8-Sep,"43,684,551","25,681,856","8,760,636","7,401,882","76,854","1,649,144",,-65,"114,244",,,"1,632,320","506,034","1,125,334","1,336,198","295,559","357,479","88,283","104,676","70,521","148,575","353,309","316,611","15,030","1,628,591","3,756","1,628,608","33,463","121,099","39,571","118,991","193,253","82,900","85,196","68,136","53,448","98,123","187,955","93,258","11,904","46,118","88,700","114,599","13,472","34,066","34,316","113,297"
8-Oct,"46,570,962","28,015,482","8,876,686","7,509,668","80,984","1,897,999",,-60,"190,203",,,"1,630,551","505,597","1,123,714","1,333,459","296,497","356,075","87,663","102,559","69,681","150,327","351,898","317,532","14,931","1,626,761","3,780","1,626,778","33,786","122,198","39,227","119,758","190,432","81,936","84,352","68,136","53,188","99,489","186,622","92,729","12,061","45,957","88,742","114,936","13,557","33,932","34,346","113,844"
8-Nov,"48,214,813","29,749,979","9,057,049","7,087,442","85,892","2,062,308",,389,"167,754",,,"1,614,127","497,670","1,115,133","1,316,594","297,036","350,149","86,376","100,653","69,176","148,772","345,973","318,025","14,863","1,610,295","3,792","1,610,311","33,396","120,040","38,718","118,150","187,226","79,762","82,548","67,791","52,845","97,191","185,802","91,942","12,158","45,580","88,599","114,941","13,529","34,285","34,098","114,474"
8-Dec,"56,568,724","35,759,449","10,027,516","8,276,834","95,782","2,221,282",,"2,039","185,822",,,"1,591,987","482,123","1,108,934","1,293,877","297,855","337,908","84,412","94,582","69,001","144,840","333,731","319,005","14,790","1,588,097","3,820","1,588,129","32,776","116,005","38,638","115,635","178,949","77,308","80,420","66,540","52,581","97,273","185,892","91,500","12,283","45,251","88,732","115,347","13,532","33,870","34,001","114,920"
9-Jan,"59,539,341","37,344,969","11,348,149","8,248,888","103,081","2,307,103",,"2,220","184,931",,,"1,584,341","474,821","1,110,546","1,285,952","298,565","334,795","83,913","89,036","68,932","146,212","330,602","320,077","15,031","1,580,344","3,849","1,580,392","32,856","119,423","38,752","111,861","172,558","75,887","81,858","65,665","53,172","97,119","185,659","91,521","12,286","45,534","88,722","115,827","13,658","34,684","34,135","115,509"
9-Feb,"51,232,146","32,552,582","9,194,843","7,163,734","85,003","2,093,153",,"2,186","140,645",,,"1,576,119","466,233","1,110,452","1,276,755","299,520","327,896","83,123","87,981","68,999","145,481","323,701","321,155","14,913","1,572,157","3,865","1,572,189","32,602","115,122","37,845","110,437","170,725","75,513","81,711","65,489","52,867","97,064","186,520","91,228","12,097","45,142","89,050","116,040","13,622","34,563","34,173","116,040"
9-Mar,"52,223,235","32,535,803","9,309,300","7,938,137","91,949","2,177,502",,"2,570","167,974",,,"1,563,343","455,445","1,108,026","1,263,563","299,965","319,130","82,257","86,331","68,381","139,475","314,926","321,635","14,954","1,559,413","3,879","1,559,460","31,875","108,572","37,804","109,072","168,195","74,896","81,485","64,667","52,653","97,469","187,160","90,152","11,999","44,749","88,973","116,104","13,574","34,286","33,928","116,546"
9-Apr,"44,174,117","28,067,011","7,954,263","6,049,831","82,821","1,855,453",,"2,339","162,399",,,"1,558,296","447,749","1,110,280","1,257,897","300,599","312,587","80,148","85,729","67,928","137,084","308,378","322,294","14,828","1,554,378","3,905","1,554,410","31,306","105,094","37,282","108,412","165,576","74,841","81,468","65,086","52,412","97,780","188,965","90,012","11,921","44,398","89,053","116,236","13,745","34,145","33,790","116,993"
9-May,"43,092,495","28,316,052","7,954,274","4,827,468","76,933","1,770,140",,"2,831","144,797",,,"1,556,689","445,639","1,110,623","1,255,639","301,263","310,526","81,203","82,774","67,764","138,051","306,318","322,969","14,745","1,552,792","3,917","1,552,808","30,160","105,609","36,992","109,201","163,496","75,264","81,846","64,348","52,227","97,385","190,674","89,706","11,812","44,183","89,071","116,430","13,463","33,652","33,541","117,465"
9-Jun,"42,537,244","26,621,591","7,286,042","6,718,136","71,309","1,751,781",,"2,484","85,901",,,"1,558,532","445,030","1,112,945","1,257,071","301,677","309,785","80,599","81,925","67,367","140,268","305,566","323,539","14,669","1,554,631","3,941","1,554,632","30,129","106,509","36,968","109,358","162,048","75,442","82,007","64,951","52,192","97,451","192,002","89,573","11,715","43,977","89,159","116,660","13,265","33,650","33,571","117,718"
9-Jul,"44,943,777","27,742,461","7,623,833","7,530,869","67,625","1,894,037",,"2,906","82,046",,,"1,561,083","445,140","1,115,284","1,259,285","302,011","309,412","80,565","83,255","67,550","139,106","305,203","323,716","14,613","1,557,175","3,951","1,557,175","30,330","105,211","36,431","109,659","163,408","76,244","82,131","65,456","52,064","97,560","192,745","89,313","11,632","43,796","89,319","116,793","13,265","34,042","33,631","117,598"
9-Aug,"46,021,395","28,040,066","8,205,492","7,792,323","68,176","1,818,195",,"2,280","94,863",,,"1,560,446","445,037","1,114,681","1,257,255","303,378","308,626","79,627","84,770","67,928","135,833","304,426","325,028","14,458","1,556,539","3,962","1,556,525","30,002","103,136","36,845","110,555","164,107","76,484","82,172","64,738","51,813","96,869","192,867","89,110","11,494","43,564","89,467","116,746","13,201","34,124","33,513","118,819"
9-Sep,"42,530,088","25,779,280","7,648,969","7,130,753","72,774","1,770,375",,"2,544","125,393",,,"1,572,192","452,789","1,118,796","1,268,217","304,154","314,758","80,881","85,507","67,515","138,822","310,544","325,817","14,520","1,568,256","3,983","1,568,242","30,418","107,004","37,326","111,795","166,067","76,517","82,656","65,642","52,015","97,999","193,346","88,790","11,435","43,722","89,700","116,854","13,273","34,353","33,511","119,267"
9-Oct,"47,357,167","30,261,111","8,183,046","6,700,868","87,480","1,975,523",,"2,492","146,647",,,"1,573,879","453,865","1,119,396","1,269,470","304,555","314,671","80,664","84,960","68,373","139,511","310,444","326,204","14,506","1,569,924","3,991","1,569,893","30,531","106,990","38,018","112,847","165,293","76,872","82,559","65,843","52,175","97,608","194,428","88,704","11,412","43,784","89,952","116,593","13,134","33,562","33,316","119,670"
9-Nov,"46,814,279","29,627,955","7,948,616","6,889,830","84,220","2,066,821",,"2,659","194,178",,,"1,583,102","460,238","1,122,416","1,278,184","305,052","318,464","82,211","86,059","68,681","141,612","314,245","326,765","14,520","1,579,122","3,996","1,579,091","30,887","108,459","37,727","115,036","167,905","78,281","81,221","66,004","52,333","98,374","194,875","88,948","11,347","43,880","90,155","116,731","13,186","33,913","33,421","119,886"
9-Dec,"57,035,235","35,994,862","10,362,664","8,310,297","96,387","2,120,428",,"2,442","148,155",,,"1,587,706","459,881","1,127,300","1,282,211","305,589","317,142","81,669","85,801","68,708","141,087","312,902","327,342","14,463","1,583,715","4,003","1,583,669","30,725","107,212","38,297","116,131","167,119","79,754","82,574","66,443","52,517","97,984","195,985","88,634","11,358","44,104","90,394","116,890","13,139","34,059","33,439","120,060"
10-Jan,"58,679,092","37,823,888","10,720,844","7,677,218","97,121","2,090,343",,"1,696","267,982",,,"1,597,519","466,650","1,130,724","1,291,435","306,194","321,765","82,343","86,822","69,244","140,474","317,519","328,007","14,415","1,593,503","4,007","1,593,425","30,917","110,658","38,299","118,155","168,851","80,761","83,816","66,649","52,693","97,650","196,240","88,857","11,273","44,192","90,536","117,131","13,082","34,079","33,423","120,351"
10-Feb,"51,859,976","33,382,706","9,231,040","7,063,947","85,371","1,902,546",,"2,015","192,351",,,"1,605,865","473,166","1,132,641","1,299,603","306,350","327,434","83,273","88,118","69,455","142,929","323,164","328,165","14,523","1,601,846","4,024","1,601,750","31,188","114,089","38,215","118,730","171,080","80,248","83,846","67,228","53,014","97,196","196,345","88,850","11,242","44,513","90,600","117,315","13,860","34,929","33,300","120,257"
10-Mar,"51,129,869","32,356,479","8,879,650","7,369,147","89,391","2,149,376",,"2,547","283,279",,,"1,613,597","477,362","1,136,221","1,307,139","306,559","331,162","84,466","89,603","69,752","143,248","326,872","328,427","14,258","1,609,574","4,028","1,609,510","31,143","115,602","37,685","119,200","173,755","80,889","85,589","67,809","53,040","98,138","196,690","89,204","11,316","44,675","90,760","117,613","13,052","34,189","33,301","120,058"
10-Apr,"44,237,908","28,198,030","7,436,590","6,154,512","95,021","2,043,234",,"2,412","308,109",,,"1,611,635","476,489","1,135,141","1,304,747","307,008","329,771","83,291","90,476","69,619","142,520","325,455","328,880","14,070","1,607,600","4,031","1,607,568","31,278","115,052","37,001","119,685","173,535","80,841","83,638","67,418","53,029","98,578","197,572","89,328","11,211","44,797","90,738","117,805","12,788","33,882","33,274","120,341"
10-May,"42,653,259","26,412,430","8,132,553","5,593,617","79,745","2,145,933",,"2,695","286,286",,,"1,618,686","483,422","1,135,363","1,311,245","307,589","336,921","84,012","90,654","69,748","147,903","332,575","329,477","14,043","1,614,650","4,048","1,614,650","31,258","120,856","37,348","119,406","174,400","80,886","83,327","67,620","53,030","99,501","196,718","89,105","11,173","44,818","91,026","117,856","12,801","33,845","33,175","120,601"
10-Jun,"42,534,130","25,516,226","8,358,597","6,433,695","105,031","1,881,870",,"2,503","236,208",,,"1,622,883","486,112","1,136,888","1,314,967","308,079","338,959","84,229","92,663","70,368","148,090","334,591","330,059","14,014","1,618,836","4,049","1,618,853","31,280","120,104","37,823","120,033","176,689","81,594","83,907","67,914","53,242","98,792","196,317","89,253","11,170","44,977","91,130","117,988","12,931","33,786","33,145","120,946"
10-Jul,"45,298,282","26,514,150","9,447,555","6,929,975","89,998","2,078,769",,"2,472","235,363",,,"1,625,143","486,306","1,138,959","1,316,678","308,626","338,801","83,802","93,012","71,236","147,540","334,379","330,900","13,978","1,621,090","4,065","1,621,124","31,554","119,871","37,874","120,249","176,632","80,713","84,132","68,393","53,561","99,464","196,130","89,908","11,261","45,297","91,294","118,235","12,894","33,482","33,067","121,382"
10-Aug,"43,655,176","24,600,442","9,176,516","7,424,830","88,920","2,143,841",,"2,636","217,991",,,"1,630,031","486,481","1,143,643","1,321,186","309,009","338,304","82,873","93,747","71,169","146,323","333,843","331,294","13,880","1,625,950","4,081","1,625,999","31,463","119,437","37,886","121,034","176,502","82,297","84,519","68,393","53,535","100,352","197,109","89,782","11,324","45,299","91,307","118,295","12,954","33,815","33,153","121,703"
10-Sep,"39,913,848","22,272,534","7,813,458","7,551,384","68,126","1,864,646",,"2,480","341,220",,,"1,629,843","484,158","1,145,738","1,320,301","309,719","335,711","83,080","92,409","71,246","143,364","331,198","332,066","13,979","1,625,779","4,094","1,625,828","31,576","117,543","38,329","121,329","175,308","82,634","84,520","67,748","53,819","100,644","197,753","90,048","11,408","45,397","91,399","118,651","12,821","33,697","33,371","122,027"
10-Oct,"42,988,948","25,171,537","7,580,046","7,505,896","83,615","2,211,336",,"2,014","434,504",,,"1,638,232","488,568","1,149,734","1,328,149","310,219","339,721","80,993","94,138","71,890","144,833","335,140","332,808","14,016","1,634,148","4,096","1,634,197","31,500","121,711","38,250","121,772","175,096","83,287","84,173","68,139","54,028","101,225","198,661","90,584","11,362","45,439","91,550","118,956","12,769","33,900","33,516","122,317"
10-Nov,"47,537,822","29,382,805","8,436,370","6,956,253","91,466","2,237,409",,"1,913","431,606",,,"1,645,952","490,202","1,155,762","1,335,653","310,392","340,957","81,937","92,340","72,376","147,905","336,336","333,228","14,094","1,641,832","4,110","1,641,865","31,560","123,293","38,802","122,141","174,129","84,570","85,560","67,995","54,349","102,083","199,597","91,075","11,396","45,495","91,684","119,269","12,785","34,067","33,669","122,288"
10-Dec,"56,271,377","35,786,621","8,977,614","8,559,415","99,586","2,415,018",,"2,297","430,826",,,"1,657,377","496,984","1,160,459","1,346,212","311,250","347,105","82,599","94,439","73,077","151,974","342,454","334,097","14,085","1,653,227","4,136","1,653,244","31,952","126,183","39,209","122,392","176,929","86,156","85,138","69,027","54,421","102,523","200,247","91,666","11,345","45,473","91,969","119,599","12,724","33,982","33,734","122,535"
11-Jan,"58,717,825","37,821,517","9,024,770","8,759,674","104,476","2,429,841",,"2,494","575,053",,,"1,662,768","497,239","1,165,609","1,351,127","311,628","345,897","83,375","95,301","72,893","149,525","341,208","334,492","13,935","1,658,605","4,148","1,658,589","32,311","123,252","39,451","123,624","178,617","87,509","84,942","70,661","54,252","102,815","201,536","92,199","11,352","45,370","91,878","119,825","12,795","33,932","33,768","122,793"
11-Feb,"52,013,676","33,921,357","7,917,432","7,255,893","96,296","2,135,729",,"2,216","684,753",,,"1,659,773","495,593","1,164,275","1,348,452","311,343","343,835","82,582","94,624","72,726","148,960","339,137","334,089","13,974","1,655,635","4,162","1,655,618","32,402","122,685","39,393","124,028","177,148","86,214","84,956","70,073","54,153","102,948","201,884","92,676","11,357","45,274","91,845","119,579","12,858","34,042","33,759","122,673"
11-Mar,"53,713,281","34,831,301","8,137,263","7,737,125","102,448","2,274,835",,"2,400","627,909",,,"1,664,906","499,795","1,165,165","1,353,628","311,278","348,206","82,661","95,787","73,132","151,877","343,466","334,127","13,980","1,660,771","4,174","1,660,772","32,837","125,441","39,569","123,399","178,400","87,149","83,773","70,559","54,264","102,867","202,045","92,966","11,357","45,298","91,603","119,771","12,577","34,197","33,986","122,770"
11-Apr,"46,647,271","30,020,948","6,555,255","7,192,979","91,411","2,079,854",,"2,732","704,092",,,"1,665,169","500,882","1,164,301","1,353,633","311,554","349,530","82,561","95,918","72,986","152,790","344,764","334,344","14,041","1,661,033","4,188","1,661,050","32,892","126,407","39,805","123,094","178,432","86,182","84,696","69,842","54,256","102,352","201,736","93,001","11,389","45,250","91,537","119,787","12,674","34,563","34,051","123,037"
11-May,"45,489,643","29,338,699","6,221,587","7,386,716","103,623","1,861,729",,"2,381","574,908",,,"1,661,580","494,299","1,167,381","1,349,119","312,486","343,432","80,877","96,561","73,293","147,316","338,643","335,372","13,953","1,657,436","4,203","1,657,486","32,767","121,714","39,679","122,867","177,433","87,174","84,705","69,888","54,237","102,403","201,823","93,330","11,456","45,239","91,719","119,992","12,706","34,791","34,301","123,683"
11-Jun,"43,112,968","27,537,920","6,184,957","6,982,763","79,732","1,858,250",,"2,516","466,830",,,"1,668,949","497,993","1,171,040","1,355,993","312,988","346,093","81,880","96,237","73,519","148,413","341,262","335,955","13,863","1,664,788","4,217","1,664,838","32,487","123,772","39,444","124,160","178,079","86,826","85,791","68,688","54,186","103,330","202,599","94,104","11,606","45,495","91,802","120,180","13,076","34,771","34,602","124,000"
11-Jul,"47,874,247","29,576,515","7,955,624","7,815,150","76,990","2,034,982",,"2,786","412,200",,,"1,680,498","505,650","1,174,858","1,367,012","313,525","352,841","82,604","98,189","74,185","150,583","348,002","336,479","13,797","1,676,291","4,217","1,676,342","32,391","127,540","39,546","125,023","180,771","89,277","85,001","70,799","54,094","102,525","203,309","94,060","11,540","45,530","92,127","120,332","12,951","34,843","34,503","124,044"
11-Aug,"47,165,459","28,893,689","7,497,469","8,246,076","92,641","2,047,346",,"1,370","386,868",,,"1,689,080","511,470","1,177,524","1,375,406","313,702","357,423","82,707","97,764","73,673","155,808","352,541","336,663","13,781","1,684,834","4,233","1,684,869","32,817","132,048","39,532","125,842","180,439","88,568","84,865","70,953","54,199","104,616","204,005","94,566","11,501","45,634","92,232","120,451","12,767","34,692","34,453","124,008"
11-Sep,"43,300,252","26,214,437","7,158,004","7,566,850","79,096","1,729,067",,"1,880","537,522","13,396",,"1,693,895","514,455","1,179,328","1,380,454","313,458","359,819","83,489","99,072","73,383","157,045","354,927","336,514","13,727","1,689,622","4,248","1,689,640","32,776","132,196","39,742","126,420","182,532","88,887","85,033","70,988","54,226","103,735","204,891","95,121","11,461","45,786","92,025","120,603","13,075","35,111","34,504","123,912"
11-Oct,"45,060,611","27,844,301","7,068,902","7,210,519","92,694","2,113,703",,"2,026","709,706","18,760",,"1,693,809","511,843","1,181,890","1,380,567","313,261","357,110","82,747","100,129","73,869","155,355","352,235","336,236","13,771","1,689,502","4,266","1,689,503","32,756","130,051","38,969","126,573","182,875","90,024","85,538","70,997","54,245","103,551","205,692","95,609","11,395","45,894","92,023","120,649","13,208","34,922","34,570","123,589"
11-Nov,"47,515,941","30,467,212","7,469,116","6,299,205","95,900","2,217,687",,"1,311","952,224","13,286",,"1,695,694","511,744","1,183,887","1,382,198","313,538","356,363","83,363","100,464","73,614","153,633","351,472","336,578","13,725","1,691,365","4,268","1,691,315","32,856","129,012","38,366","127,166","183,818","90,094","85,461","71,069","54,252","103,148","206,532","95,992","11,348","46,207","92,112","121,062","13,209","35,334","34,665","123,422"
11-Dec,"54,839,638","36,310,535","7,584,495","7,581,395","105,961","2,314,596",,"1,983","931,201","9,472",,"1,703,826","516,590","1,187,100","1,390,377","313,492","360,029","84,024","102,930","73,946","153,670","355,113","336,566","13,702","1,699,442","4,268","1,699,341","32,772","129,345","38,608","128,389","186,974","90,785","86,749","71,304","54,253","102,443","207,614","96,378","11,304","46,569","92,223","121,262","13,252","35,215","34,713","123,098"
12-Jan,"58,104,035","38,098,944","8,530,648","7,584,642","117,474","2,740,609",,"1,983","1,020,219","9,516",,"1,702,312","515,929","1,186,377","1,388,826","313,454","359,179","83,716","102,403","73,493","154,106","354,235","336,455","13,682","1,697,854","4,267","1,697,462","32,185","129,138","39,037","129,507","186,133","89,082","85,501","71,510","54,430","103,348","208,046","96,223","11,407","46,911","92,217","121,397","13,594","35,050","34,745","122,830"
12-Feb,"51,934,746","33,656,157","8,140,743","6,689,647","110,419","2,555,526",,"1,809","768,296","12,149",,"1,697,912","509,505","1,188,421","1,383,937","313,993","351,433","82,058","100,735","73,737","151,828","346,470","336,972","13,808","1,693,517","4,269","1,691,835","32,125","125,755","37,965","130,927","182,802","90,166","84,926","71,037","54,653","103,651","208,747","96,322","11,493","47,129","92,639","121,523","13,311","35,174","34,780","122,802"
12-Mar,"51,614,413","32,741,946","7,876,486","7,348,972","108,406","2,595,927",,"1,765","920,679","20,232",,"1,702,210","511,446","1,190,744","1,388,929","313,292","352,099","82,747","100,929","73,661","149,545","347,092","336,209","13,666","1,697,821","4,276","1,697,558","31,869","125,519","37,930","132,459","183,681","91,217","85,471","71,190","54,567","103,932","209,140","96,177","11,601","47,233","92,344","121,474","13,435","35,649","34,895","122,380"
12-Apr,"46,417,982","29,897,120","6,654,515","6,756,890","89,088","2,215,796",,"1,862","775,646","27,065",,"1,708,110","516,991","1,191,086","1,393,953","314,151","355,309","83,003","101,974","74,069","151,610","350,250","337,130","13,588","1,703,724","4,312","1,703,216","32,173","126,797","38,501","134,521","184,979","91,626","84,626","71,472","54,602","103,093","209,850","96,355","11,475","47,561","92,790","121,875","13,180","35,219","34,886","122,459"
12-May,"45,932,634","29,252,857","6,384,701","7,416,537","88,918","2,118,639",,"2,395","638,594","29,993",,"1,710,842","516,885","1,193,899","1,395,655","315,176","355,149","82,509","101,979","74,010","152,094","350,046","338,161","13,587","1,706,466","4,337","1,705,636","32,215","126,683","38,887","134,567","184,490","91,169","85,223","71,361","54,685","104,860","209,504","96,503","11,428","47,817","93,493","121,942","12,919","35,425","34,864","122,726"
12-Jun,"44,614,478","27,870,401","6,152,365","7,695,019","80,332","2,191,593",,"2,891","588,624","33,253",,"1,711,716","515,390","1,196,263","1,395,889","315,797","353,142","81,715","102,828","73,895","150,010","348,003","338,659","13,636","1,707,338","4,361","1,707,579","32,530","124,417","39,046","134,824","184,541","91,387","85,441","71,842","54,752","105,184","209,604","96,543","11,380","47,914","93,959","122,096","13,239","35,414","34,941","122,602"
12-Jul,"48,825,024","30,455,006","7,192,815","8,352,534","76,084","2,315,868",,"2,368","396,865","33,484",,"1,715,089","514,887","1,200,134","1,398,955","316,089","351,836","82,177","102,361","74,048","149,918","346,639","339,152","13,716","1,710,702","4,401","1,711,798","32,972","122,249","39,846","135,269","184,533","91,739","85,834","71,479","55,013","105,598","210,189","97,257","11,421","48,273","94,297","122,482","13,299","35,735","35,186","122,373"
12-Aug,"48,144,767","30,078,545","7,625,906","7,643,016","97,623","2,218,030",,"2,464","446,778","30,375","2,030","1,712,835","512,255","1,200,527","1,396,329","316,485","348,323","82,810","100,769","73,801","147,842","343,093","339,485","13,914","1,708,454","4,430","1,709,942","33,317","119,990","39,508","135,863","183,573","91,718","85,316","71,861","55,196","105,694","210,089","97,328","11,442","48,367","94,418","122,751","13,224","35,563","35,288","122,316"
12-Sep,"43,676,149","26,983,470","7,221,761","6,747,205","72,343","2,016,679",,"2,609","599,740","28,375","3,967","1,712,611","511,986","1,200,605","1,396,331","316,271","347,181","81,673","99,912","73,507","148,154","341,932","339,272","13,763","1,708,231","4,473","1,709,370","33,517","121,286","39,037","136,553","181,580","91,611","85,280","71,803","54,931","106,132","210,889","97,343","11,468","48,284","94,503","122,794","12,502","35,873","35,250","121,980"
12-Oct,"48,163,383","29,640,853","7,343,265","7,891,766","96,607","2,250,562",,"2,096","918,522","16,346","3,366","1,711,824","513,698","1,198,175","1,395,586","316,238","347,099","81,431","98,487","73,059","150,074","341,843","339,169","13,645","1,707,446","4,519","1,708,126","34,028","122,230","39,661","137,854","179,912","91,010","85,557","70,955","54,569","105,605","211,391","97,147","11,421","48,143","94,601","122,648","12,307","35,682","35,226","121,928"
12-Nov,"51,625,924","32,355,769","7,636,011","8,450,488","118,469","2,248,358",,"2,388","798,311","11,233","4,897","1,719,965","518,341","1,201,718","1,403,003","317,001","350,656","82,159","99,309","73,529","151,059","345,383","339,733","13,641","1,715,549","4,551","1,715,125","34,681","124,377","39,495","138,310","181,464","92,887","86,761","71,394","54,347","105,257","211,646","96,930","11,421","48,065","94,650","122,573","12,197","35,836","35,255","122,516"
12-Dec,"55,821,469","35,329,219","8,617,006","8,407,404","102,961","2,477,436",,"2,498","872,433","7,694","4,818","1,719,763","518,173","1,201,743","1,403,180","316,661","349,138","81,806","97,590","72,619","151,764","343,842","339,203","13,838","1,715,330","4,579","1,714,788","35,553","125,871","38,523","138,854","179,392","92,072","86,556","71,232","54,379","106,554","212,105","97,292","11,371","47,915","94,549","122,449","11,965","35,920","35,164","122,212"
13-Jan,"59,931,424","39,022,511","8,669,380","8,470,491","126,215","2,522,430",,"2,324","1,105,247","7,842","4,984","1,729,586","522,110","1,207,676","1,412,740","316,852","352,083","81,648","99,459","73,311","152,394","346,766","339,392","13,770","1,725,092","4,608","1,724,965","36,414","127,027","38,618","138,864","181,103","93,160","88,519","71,268","54,296","106,141","213,069","97,587","11,695","47,981","94,782","122,411","12,695","36,247","35,478","122,201"
13-Feb,"53,351,007","35,037,897","7,855,985","7,243,241","108,249","2,238,511",,"2,170","850,864","9,809","4,281","1,734,805","526,901","1,208,091","1,417,795","316,974","355,465","82,151","99,531","72,784","154,256","350,169","339,213","13,709","1,730,227","4,637","1,732,670","37,156","130,219","38,217","139,548","181,675","93,876","88,154","71,560","53,989","106,444","213,324","97,473","11,832","47,716","95,071","122,000","12,584","36,311","35,493","122,149"
13-Mar,"54,263,640","35,789,093","7,661,314","7,310,763","102,702","2,619,270",,"2,559","755,179","16,421","6,340","1,740,839","529,717","1,211,260","1,424,079","316,795","356,860","82,298","100,196","72,303","154,863","351,549","338,987","13,784","1,736,210","4,668","1,738,583","37,805","130,849","38,157","140,401","182,490","93,821","88,496","72,375","53,971","107,172","214,055","97,860","12,051","47,684","95,114","121,972","12,718","36,524","35,472","121,917"
13-Apr,"48,104,442","30,676,441","6,804,492","7,301,882","95,930","2,309,918",,"2,447","888,747","18,869","5,715","1,743,937","529,239","1,214,801","1,428,162","315,870","355,028","81,814","99,443","72,262","154,211","349,701","338,193","13,897","1,739,264","4,701","1,739,955","38,279","130,013","38,372","141,361","181,254","94,232","89,349","72,997","54,089","108,207","214,538","98,341","12,258","47,655","94,703","122,048","13,013","36,355","35,598","121,453"
13-May,"46,197,094","29,523,458","6,433,177","7,296,162","89,069","2,086,938",,"2,799","730,997","29,385","5,110","1,748,724","529,344","1,219,426","1,432,804","316,044","354,132","81,386","99,933","72,162","151,613","348,785","338,413","13,962","1,744,003","4,747","1,744,437","38,811","128,811","38,605","141,927","181,320","95,033","90,878","72,419","54,143","109,055","215,023","98,955","12,356","47,803","94,827","122,051","12,913","36,842","35,724","121,552"
13-Jun,"45,784,142","28,863,478","6,460,969","7,939,174","86,839","1,894,196",,435,"503,819","29,159","6,073","1,742,396","524,961","1,217,401","1,426,540","315,932","353,019","81,999","99,191","71,866","152,839","347,656","338,393","13,976","1,737,656","4,778","1,736,886","39,076","127,594","38,843","138,493","181,182","93,314","89,849","71,745","54,172","109,506","215,852","99,099","12,442","47,852","94,515","122,175","12,726","36,915","35,615","121,708"
13-Jul,"48,848,397","29,794,337","7,480,652","8,851,919","84,716","2,156,206",,585,"444,619","29,432","5,931","1,752,447","530,342","1,222,072","1,436,356","316,208","354,955","80,861","99,948","72,207","154,108","349,575","338,713","14,065","1,747,644","4,811","1,745,931","39,657","129,776","38,908","141,421","180,812","95,974","90,611","71,086","54,260","110,130","216,402","99,162","12,431","47,911","94,585","122,333","12,892","36,722","35,995","121,805"
13-Aug,"48,397,125","29,672,669","7,136,773","8,846,838","78,883","2,212,423",,-167,"412,276","30,068","7,362","1,760,130","534,235","1,225,859","1,443,391","316,863","358,080","80,775","101,032","72,848","157,119","352,678","339,337","14,200","1,755,270","4,840","1,754,386","40,033","132,011","38,768","141,859","181,814","95,828","91,612","71,988","54,399","109,470","217,010","99,660","12,415","48,081","95,001","122,267","13,036","37,211","36,070","122,085"
13-Sep,"44,729,414","27,224,870","6,559,934","8,204,614","89,917","1,997,836",,-211,"620,306","27,093","5,055","1,766,098","537,382","1,228,675","1,449,206","317,026","361,639","81,832","102,325","73,348","158,270","356,205","339,648","14,204","1,761,203","4,857","1,761,464","40,028","133,014","38,966","141,460","184,168","96,494","91,197","73,207","54,479","108,788","217,484","100,640","12,371","48,218","95,327","122,436","13,228","37,071","36,120","121,906"
13-Oct,"47,727,959","29,300,595","7,239,722","8,133,441","93,651","2,175,115",,-152,"756,331","22,466","6,790","1,775,606","542,133","1,233,445","1,457,991","317,746","366,232","83,161","103,296","74,033","158,841","360,732","340,405","14,230","1,770,649","4,888","1,771,373","39,728","134,586","39,635","141,897","186,463","97,048","91,519","74,477","54,652","109,395","217,743","100,848","12,293","48,656","95,792","122,542","13,299","37,247","36,140","122,099"
13-Nov,"52,969,116","33,272,231","7,688,207","8,473,353","119,626","2,345,647",,447,"1,053,795","12,412","3,398","1,779,954","541,561","1,238,317","1,461,895","318,163","365,966","83,548","102,257","74,694","159,687","360,403","340,914","14,281","1,774,966","4,918","1,774,110","39,267","134,663","39,878","142,083","185,805","97,334","91,929","75,127","54,859","110,494","218,131","101,378","12,151","48,977","95,931","122,887","13,377","37,516","36,427","122,129"
13-Dec,"60,400,808","39,124,579","8,628,622r","8,899,347","124,610","2,713,255",,"1,594","901,854","6,948",,"1,772,541","536,024","1,236,370","1,454,522","318,051","362,457","81,615","100,181","74,422","159,743","356,811","340,880","14,474","1,767,556","4,932","1,764,994","38,780","133,893","40,997","140,646","181,798","95,842","91,596","74,223","55,227","110,234","218,541","101,821","11,961","49,146","95,696","123,162","13,555","37,239","36,392","122,048"
14-Jan,"60,251,049r","39,218,948","8,544,640r","8,687,494","115,853","2,540,965",,"1,533","1,132,023r","9,593",,"1,773,250","536,543","1,236,568","1,454,369","318,828","363,228","82,081","100,594","74,742","161,367","357,512","341,253","14,569","1,768,227","4,948","1,771,692","37,339","134,845","40,047","141,846","182,671","95,290","91,699","74,676","55,255","110,069","218,547","101,424","11,728","49,021","96,183","123,259","13,505","37,796","36,503","121,852"
14-Feb,"53,553,403r","35,201,905","7,699,790r","7,527,812","103,293","2,242,687",,"1,352","763,151r","13,414",,"1,782,226","542,817","1,239,380","1,462,865","319,375","369,074","82,923","102,551","74,773","164,094","363,308","341,521","14,691","1,777,214","4,976","1,782,782","36,775","137,679","40,175","142,671","185,479","96,644","91,828","75,483","55,340","109,598","218,912","101,875","11,533","49,083","96,316","123,481","12,969","38,117","36,719","121,766"
14-Mar,"55,854,771r","35,869,576","8,167,755r","8,434,528","106,316","2,373,676",,"1,983","878,909r","22,029",,"1,787,024","544,167","1,242,897","1,467,482","319,637","371,056","81,974","102,072","75,037","166,181","365,250","341,800","14,687","1,782,035","4,992","1,783,916","36,622","140,587","40,415","142,190","184,058","96,864","91,707","76,169","55,501","109,537","219,427","102,645","11,410","49,355","96,453","123,737","13,698","38,348","36,727","121,657"
14-Apr,"47,648,737r","30,225,577","7,027,717r","7,398,286","93,400","2,000,159",,"1,530","877,239r","24,829",,"1,790,684","547,371","1,243,415","1,471,043","319,780","374,827","82,519","102,250","75,259","167,782","368,995","341,799","14,581","1,785,703","5,025","1,788,046","36,471","143,736","40,137","141,726","184,774","96,568","90,812","75,884","55,409","109,932","219,971","103,285","11,291","49,547","96,558","123,862","13,827","38,492","36,857","121,431"
14-May,"45,241,004r","28,492,191","6,502,445","7,489,919","85,974","2,081,857",,"1,894","560,466r","26,258",,"1,802,034","552,330","1,249,850","1,482,459","319,807","378,038","83,818","104,019","75,119","169,408","372,161","341,823","14,757","1,797,021","5,054","1,796,445","36,177","143,936","40,112","143,674","187,843","98,133","90,649","77,678","55,782","109,962","221,327","103,739","11,237","49,934","96,294","124,257","13,899","38,951","37,036","121,317"
14-Jun,"44,156,323r","27,260,695","6,571,669","7,950,398","77,988","1,767,388",,"1,865","494,508r","31,812",,"1,810,319","556,600","1,253,895","1,492,460","318,202","381,645","86,205","103,279","76,095","171,327","375,721","340,392","14,855","1,805,283","5,073","1,800,272","36,012","145,679","40,245","144,438","189,457","98,726","91,291","78,129","56,183","110,791","222,041","105,093","11,245","50,272","94,596","124,587","13,853","39,096","37,157","121,209"
14-Jul,"46,718,490r","28,310,114","6,979,674","8,783,927","81,912","1,992,115",,586,"540,168r","29,994",,"1,812,914","555,172","1,257,913","1,493,501","319,755","379,214","85,700","105,296","76,948","168,876","373,271","342,085","14,742","1,807,871","5,107","1,802,330","35,905","142,219","39,895","145,575","190,997","98,237","91,728","77,802","56,380","111,357","222,857","106,169","11,257","50,358","96,212","124,832","13,804","38,873","37,332","121,087"
14-Aug,"47,448,094r","28,679,604","7,232,689","9,073,629","85,446","1,914,356",,"1,781","430,540r","30,049",,"1,809,135","548,517","1,260,703","1,489,412","320,052","373,456","84,940","103,735","77,718","165,001","367,516","342,366","14,743","1,804,085","5,139","1,801,373","35,516","138,717","39,994","145,085","188,668","98,957","91,297","77,409","56,588","112,163","223,424","106,447","11,255","50,528","96,615","124,766","13,819","39,427","37,342","121,039"
14-Sep,"44,715,421r","26,385,462","6,743,734","9,014,043","85,065","1,844,674",,"1,681","615,165r","25,597",,"1,816,399","554,899","1,261,599","1,497,733","319,043","379,215","84,082","105,824","77,837","167,332","373,315","341,090","14,585","1,811,291","5,172","1,810,611","35,407","142,654","40,340","145,619","189,933","100,231","91,104","77,783","56,491","113,412","223,774","105,944","11,205","50,478","95,507","124,577","13,697","39,307","37,407","121,031"
14-Oct,"45,033,527r","26,508,752","6,984,027","8,588,764","102,434","1,947,735",,"1,376","880,978r","19,461",,"1,821,619","558,904","1,262,814","1,501,098","320,857","381,115","85,171","105,016","77,814","169,178","375,224","342,810","14,555","1,816,459","5,210","1,817,073","35,730","143,935","40,545","147,395","190,192","97,589","90,793","77,700","56,676","114,947","224,231","105,750","11,254","50,623","97,398","124,391","13,586","39,670","37,314","121,097"
14-Nov,"51,679,130","31,946,590","7,690,731","8,804,909","104,522","2,184,465",,-4,"936,586","11,331",,"1,822,817","558,790","1,264,063","1,502,112","321,021","380,693","84,750","103,859","77,916","170,773","374,851","343,244","14,558","1,817,598","5,246","1,817,451","35,866","144,089","41,409","147,533","188,612","96,827","91,199","77,408","56,972","114,589","224,778","106,201","11,408","50,701","97,769","124,440","13,796","39,703","37,360","121,120"
14-Dec,"57,625,402","37,009,291","8,128,620","9,167,389","114,692","2,324,104",,-94,"874,323","7,077",,"1,825,584","559,652","1,265,904","1,505,166","320,739","381,806","86,777","105,509","78,250","169,113","376,045","343,013","14,393","1,820,301","5,282","1,821,169","36,221","142,336","40,802","146,896","192,283","97,110","91,203","78,599","56,983","115,411","224,879","105,632","11,497","50,688","97,523","124,463","13,671","39,872","37,410","121,102"
15-Jan,"60,976,764r","40,195,617r","8,099,151r","9,180,622r","121,085r","2,312,858r",,-124,"1,056,298r","11,257",,"1,817,974","555,276","1,263,186","1,496,533","321,724","378,906","86,261","103,820","77,552","168,823","373,295","344,029","14,151","1,812,880","5,287","1,812,678","36,462","142,194","40,986","145,234","190,061","95,506","89,267","78,073","56,605","116,472","224,881","105,125","11,774","50,742","98,073","124,739","13,731","39,640","37,304","121,302"
15-Feb,"55,306,305r","36,302,652r","7,688,097r","8,307,371","113,245r","2,130,816r",,-164,"749,825r","14,463",,"1,815,506","551,019","1,264,612","1,493,315","322,389","375,786","86,137","101,868","78,076","168,471","370,241","344,862","14,023","1,810,342","5,341","1,810,211","36,916","139,396","42,136","143,601","187,983","95,067","90,087","77,595","56,667","116,872","225,661","104,696","11,882","50,860","98,210","125,146","13,629","39,353","37,342","121,587"
15-Mar,"55,274,560r","35,359,010r","7,474,327r","9,230,529","113,278r","2,159,237r",,-13,"926,052r","12,140",,"1,814,460","547,639","1,266,644","1,492,062","322,585","374,206","86,978","102,891","78,426","164,565","368,659","345,150","13,855","1,809,215","5,393","1,809,142","37,002","134,151","42,123","141,845","189,846","94,710","90,872","78,242","56,732","117,083","226,434","104,312","11,931","50,817","97,985","125,336","13,632","39,330","37,363","121,902"
15-Apr,"47,738,184r","30,735,746r","6,543,750r","7,737,381","101,245r","1,759,070r",,"1,538","833,916r","25,538",,"1,813,921","544,685","1,268,768","1,490,814","323,237","371,290","86,967","102,499","78,523","162,648","365,711","345,921","13,793","1,808,622","5,415","1,808,586","37,399","131,970","41,355","141,345","189,441","95,612","90,290","78,276","56,908","116,624","227,385","104,044","12,031","50,755","98,289","125,717","13,720","39,793","37,398","121,991"
15-May,"44,559,705r","28,167,590r","5,812,561r","7,985,257","92,131r","1,858,365r",,"1,615","613,052r","29,134",,"1,812,920","545,147","1,267,358","1,490,739","322,339","370,637","86,927","102,272","78,669","162,237","365,051","345,203","13,628","1,807,548","5,439","1,807,567","37,578","132,419","40,799","142,155","189,170","94,607","90,146","78,392","56,834","116,093","228,561","103,884","12,055","50,759","97,571","125,739","13,558","39,925","37,337","121,955"
15-Jun,"44,340,191r","27,571,908r","6,222,765r","8,084,872","89,368r","1,870,017r",,"1,951","470,573r","28,737",,"1,817,855","545,511","1,271,804","1,495,306","322,748","372,042","86,460","100,821","79,195","164,375","366,429","345,862","13,638","1,812,439","5,467","1,812,480","37,578","137,540","40,764","141,315","187,252","95,027","90,935","78,924","57,121","116,698","228,951","103,671","12,079","50,812","98,036","125,819","14,269","40,199","37,320","122,073"
15-Jul,"46,765,949r","28,516,331r","6,872,434r","8,900,017r","90,648r","1,917,378r",,870,"436,665r","31,620",,"1,822,436","547,686","1,274,286","1,499,877","322,829","374,545","86,232","101,454","79,269","166,143","368,887","346,113","13,751","1,816,983","5,488","1,817,063","37,808","141,167","40,253","140,963","187,659","94,061","91,385","79,563","57,393","118,112","229,246","103,673","12,022","51,014","97,865","126,100","14,211","40,276","37,260","122,206"
15-Aug,"46,555,243r","28,039,038r","7,211,695r","8,678,391","94,366r","2,021,475r",,22,"478,760r","31,496",,"1,826,294","552,924","1,273,290","1,505,172","321,492","379,758","88,391","102,837","78,745","169,089","374,078","345,056","13,759","1,820,790","5,501","1,820,893","37,965","142,741","40,186","141,100","191,195","93,040","91,551","79,983","57,504","118,249","229,716","103,950","11,910","51,057","96,722","126,181","14,026","40,157","37,153","122,181"
15-Sep,"43,653,195r","27,391,364r","6,909,205r","6,965,168","88,477r","1,650,844r",,"1,791","618,761r","27,584",,"1,818,765","544,575","1,273,471","1,496,659","322,328","372,362","87,421","101,519","79,144","162,044","366,598","345,905","13,678","1,813,261","5,508","1,813,383","38,245","136,677","39,793","139,740","188,907","92,881","92,280","79,674","57,512","117,928","229,712","103,651","11,795","51,112","97,378","126,285","13,959","40,027","37,098","122,285"
15-Oct,"44,733,343r","28,494,616r","7,024,832r","6,323,797","100,683r","1,857,346r",,"1,524","909,475r","21,070",,"1,820,488","544,266","1,275,405","1,498,248","322,478","372,372","86,256","102,231","79,233","161,728","366,488","346,345","13,806","1,814,969","5,504","1,815,103","38,516","138,176","39,240","139,315","188,461","93,137","91,514","79,629","57,907","118,032","230,391","103,971","11,659","51,327","97,133","126,809","14,160","40,284","37,138","122,431"
15-Nov,"48,985,388r","30,435,090r","7,245,120r","8,448,485","99,868","1,850,733r",,"1,979","886,835r","17,278r",,"1,824,776","544,883","1,278,979","1,502,633","322,418","373,209","86,411","102,290","79,316","162,013","367,302","346,447","13,762","1,819,235","5,507","1,819,390","38,532","138,247","39,660","139,174","188,674","94,204","93,142","80,452","58,061","117,453","230,944","104,325","11,492","51,291","97,024","127,025","14,022","40,248","37,068","122,418"
15-Dec,"53,866,923","34,412,802","7,871,582","8,533,084","111,582","2,053,897",,"1,831","873,648","8,498",,"1,826,829","544,577","1,281,217","1,504,070","323,013","373,535","86,523","102,606","79,560","162,392","367,545","347,231","13,744","1,821,272","5,526","1,821,444","38,939","138,718","39,161","138,325","189,099","95,080","92,427","80,337","58,236","117,540","231,546","104,666","11,330","51,238","97,394","127,248","14,219","40,468","37,087","122,617"
16-Jan,"64,228,215","38,747,905",,"8,924,259",,,"13,198,111","1,257","3,277,876","63,082","15,725","1,837,860","548,275","1,288,764","1,514,248","324,009","377,636","87,417","103,980","79,722","165,124","371,656","348,257","13,887","1,832,412","5,508","1,832,585","38,899","138,786","40,415","138,113","191,380","97,254","94,199","80,327","58,379","119,436","231,752","104,968","11,132","51,312","97,508","127,755","14,231","40,753","36,933","123,015"
16-Feb,"57,932,188","35,251,985",,"8,277,984",,,"11,279,020","1,782","3,022,574","80,703","18,139","1,832,584","542,758","1,288,477","1,507,975","324,840","373,472","86,824","102,652","80,328","162,554","367,472","349,192","13,944","1,827,118","5,511","1,827,297","38,773","135,608","40,603","136,865","189,452","93,857","95,076","80,776","58,598","119,049","232,556","105,302","10,851","51,387","97,750","128,114","14,228","41,020","36,745","123,349"
16-Mar,"57,108,230","34,489,638",,"8,187,787",,,"11,731,616","1,901","2,570,021","108,429","18,838","1,825,855","537,195","1,286,864","1,500,520","325,438","369,675","87,486","101,016","80,550","160,283","363,671","349,997","13,970","1,820,419","5,505","1,820,565","38,774","131,258","40,781","135,141","188,450","92,695","93,725","79,884","58,793","119,275","233,023","105,735","10,520","51,352","98,024","128,472","14,272","41,109","36,628","123,525"
16-Apr,"49,984,993","30,221,408",,"6,893,613",,,"10,304,031","1,800","2,391,860","154,656","17,625","1,830,002","539,249","1,289,053","1,504,309","325,825","371,039","87,611","101,708","80,191","159,643","365,035","350,405","13,928","1,824,576","5,514","1,824,689","38,744","130,459","41,500","135,852","189,273","93,864","94,853","79,613","58,704","119,531","233,541","105,548","10,332","51,139","98,107","128,497","13,986","41,192","36,511","123,827"
16-May,"47,876,205","29,237,293",,"6,099,520",,,"9,978,273","1,803","2,318,248","225,220","15,848","1,819,666","526,381","1,290,340","1,492,626","326,942","360,219","86,142","100,391","81,383","148,625","354,129","351,602","13,946","1,814,263","5,509","1,814,344","38,859","119,926","40,864","133,478","186,494","93,424","94,037","79,772","59,039","119,396","233,867","106,290","10,196","51,084","98,187","128,809","14,269","40,986","36,526","124,631"
16-Jun,"48,570,853","28,353,774",,"7,534,815",,,"10,182,041","1,314","2,246,093","237,644","15,172","1,828,411","533,715","1,292,341","1,501,242","327,186","369,323","86,799","101,953","81,329","157,924","363,191","351,973","13,992","1,822,992","5,521","1,823,073","39,008","127,142","42,263","132,333","188,721","93,582","93,621","80,062","59,306","120,141","234,394","106,406","10,042","51,011","98,185","129,038","14,276","41,201","36,501","124,775"
16-Jul,"51,862,903","29,381,391",,"8,695,749",,,"11,723,718","1,171","1,822,200","225,054","13,620","1,839,206","540,542","1,296,750","1,512,476","326,899","375,547","88,212","100,869","82,042","165,601","369,363","351,817","13,973","1,833,764","5,531","1,833,830","39,346","137,089","41,791","132,932","189,012","94,200","94,405","80,484","59,539","122,074","234,487","106,675","9,957","51,004","98,090","129,324","14,385","41,491","36,514","124,421"
16-Aug,"52,360,113","29,467,536",,"8,534,692",,,"12,433,667","1,923","1,685,109","222,674","14,512","1,843,452","542,376","1,299,212","1,516,395","327,248","378,104","88,253","100,852","82,994","168,858","371,869","352,193","14,427","1,837,984","5,538","1,838,028","39,570","138,402","43,099","132,285","189,035","93,658","94,338","81,858","60,183","122,472","234,481","106,992","9,871","50,964","98,114","129,563","14,409","41,513","36,597","124,529"
16-Sep,"48,218,628","27,082,934",,"8,132,948",,,"10,725,872","1,415","2,077,800","187,307","10,352","1,848,118","544,093","1,302,208","1,520,515","327,822","378,458","88,011","101,298","82,978","169,819","372,192","352,795","14,248","1,842,651","5,541","1,842,679","39,837","140,100","42,222","133,275","189,248","93,703","95,072","81,843","60,115","123,577","234,754","107,490","9,757","50,856","98,491","129,599","14,554","41,389","36,661","124,721"
16-Oct,"50,292,133","28,613,538",,"8,109,476",,,"10,911,766","1,108","2,511,619","137,118","7,508","1,847,038","542,336","1,302,685","1,519,554","327,691","375,990","87,025","99,969","83,423","168,062","369,783","352,704","14,212","1,841,533","5,559","1,841,575","40,005","141,303","41,885","133,566","186,934","94,226","95,261","82,076","60,109","123,109","235,838","107,522","9,625","50,528","98,704","129,564","14,402","40,953","36,684","124,459"
16-Nov,"54,378,537","32,021,848",,"7,960,068",,,"11,302,875","1,665","2,977,915","103,237","10,929","1,853,836","546,520","1,305,551","1,526,183","327,913","379,581","88,163","101,195","83,239","169,617","373,371","352,886","14,232","1,848,284","5,566","1,848,312","39,865","145,647","40,139","134,397","189,296","95,027","95,565","82,457","60,356","124,106","235,654","107,736","9,553","50,406","98,866","129,539","14,398","41,003","36,804","124,506"
16-Dec,"63,478,977","38,536,625",,"8,336,401",,,"12,963,025","1,408","3,578,159","43,731","19,628","1,858,876","549,952","1,307,391","1,531,329","327,867","382,976","88,417","101,889","83,661","171,962","376,812","352,823","14,213","1,853,292","5,581","1,853,331","39,896","146,364","41,562","134,539","190,249","95,546","95,444","82,644","60,555","124,454","236,665","107,972","9,484","50,597","98,902","129,366","14,454","40,218","36,960","124,582"
17-Jan,"64,336,790","40,044,490",,"8,870,860",,,"12,423,939","1,723","2,921,396","54,109","20,273","1,867,798","553,163","1,313,161","1,540,576","327,713","385,110","88,232","102,925","83,485","171,983","378,902","352,882","14,303","1,862,212","5,604","1,862,301","40,135","148,138","41,372","135,306","191,120","95,710","96,710","84,045","60,824","124,573","237,652","107,595","9,676","50,481","98,487","129,296","14,818","41,487","37,200","125,120"
17-Feb,"56,478,939","35,074,258",,"7,273,362",,,"11,121,024","1,562","2,895,506","94,042","19,185","1,872,099","551,759","1,318,594","1,544,223","328,372","383,078","88,356","101,680","83,559","171,387","376,888","353,737","14,243","1,866,510","5,619","1,866,591","40,376","147,600","41,039","135,542","189,978","96,164","96,730","84,567","60,930","126,525","239,106","108,432","9,649","50,423","98,827","129,538","14,607","40,843","37,468","125,396"
17-Mar,"60,362,690","37,765,109",,"7,797,008",,,"11,631,511",430,"2,970,773","180,687","17,172","1,878,420","553,352","1,323,305","1,550,212","328,774","384,541","88,682","102,729","84,013","171,550","378,322","354,234","14,291","1,872,829","5,628","1,872,969","40,522","145,898","41,960","135,609","191,363","97,205","96,442","84,884","61,071","127,794","240,159","108,814","9,610","50,392","98,918","129,733","14,827","40,928","37,585","125,607"
17-Apr,"50,661,308","31,193,921",,"6,972,705",,,"9,740,521",0,"2,544,795","192,734","16,632","1,887,380","557,531","1,328,227","1,558,854","329,180","386,644","88,922","103,606","84,666","172,569","380,491","354,487","14,263","1,881,798","5,635","1,881,946","40,313","147,985","41,278","137,703","192,490","96,886","97,374","86,164","61,182","129,083","240,103","109,323","9,509","50,393","99,049","129,884","15,367","41,311","37,779","125,579"
17-May,"48,775,704","29,334,594",,"7,425,111",,,"9,382,215",419,"2,408,797","210,117","14,451","1,894,834","560,694","1,332,629","1,566,092","329,486","390,968","89,431","104,161","85,060","176,629","384,793","354,976","14,323","1,889,269","5,646","1,889,438","40,437","151,001","41,939","136,734","193,550","97,031","97,301","86,441","61,543","131,708","239,991","109,993","9,437","50,689","99,172","130,087","14,973","41,394","37,963","125,741"
17-Jun,"47,909,090","28,514,198",,"8,147,245",,,"8,806,229","1,316","2,195,208","231,387","13,507","1,898,387","562,679","1,334,281","1,568,655","330,463","390,475","90,065","104,042","85,964","175,075","384,332","355,973","14,289","1,892,823","5,668","1,893,004","40,009","149,982","41,653","139,312","194,055","96,766","97,453","86,936","61,540","132,086","239,595","109,955","9,290","50,736","99,472","130,339","14,949","41,685","38,103","126,180"
17-Jul,"51,917,093","30,492,145",,"8,820,685",,,"10,685,531",482,"1,645,950","259,117","13,183","1,901,643","565,304","1,335,062","1,570,814","331,514","392,043","89,648","103,636","85,947","176,438","385,845","357,031","14,222","1,896,071","5,676","1,896,284","40,144","152,875","41,866","140,246","193,231","96,940","96,930","86,363","61,631","131,852","239,868","110,358","9,112","50,715","99,622","130,728","15,020","41,824","38,136","126,702"
17-Aug,"52,051,624","30,502,780",,"8,352,150",,,"11,207,795",0,"1,713,708","262,226","12,965","1,900,327","560,928","1,337,732","1,568,318","332,602","387,800","88,006","103,053","85,363","174,462","381,587","358,236","14,178","1,894,767","5,656","1,894,993","40,088","150,450","41,951","140,006","191,025","97,780","96,774","86,401","61,788","131,085","240,694","110,630","8,891","50,630","100,012","130,992","15,233","41,943","38,302","127,250"
17-Sep,"48,600,320","28,557,015",,"7,531,593",,,"10,406,230",0,"1,840,446","249,272","15,764","1,903,852","563,456","1,338,876","1,570,644","333,748","388,796","88,382","102,784","86,318","176,466","382,632","359,363","14,137","1,898,302","5,607","1,898,523","40,141","150,389","42,801","141,337","191,121","97,335","96,158","86,777","61,962","130,690","241,666","111,047","8,608","50,288","100,562","131,108","15,200","41,978","38,387","127,721"
17-Oct,"48,302,177","26,976,970",,"7,932,015",,,"9,978,050",25,"3,225,030","171,761","18,326","1,907,305","563,270","1,342,372","1,573,983","333,897","386,347","88,766","104,150","86,645","171,653","380,240","359,422","13,986","1,901,811","5,518","1,901,997","40,003","146,026","41,799","143,345","192,882","98,896","98,702","85,940","61,987","131,163","242,478","110,854","8,332","49,915","100,518","131,188","15,174","41,823","38,384","127,747"
17-Nov,"55,609,066","32,781,348",,"7,944,905",,,"11,519,573",0,"3,251,898","90,222","21,120","1,916,041","568,690","1,345,947","1,582,023","334,639","391,033","89,557","105,980","87,657","173,967","385,050","360,187","13,941","1,910,469","5,565","1,910,693","40,134","147,440","42,428","143,961","195,513","99,710","98,014","86,431","62,195","131,771","243,491","111,339","7,988","49,887","100,904","131,483","15,245","41,965","38,392","127,834"
17-Dec,"64,374,045","39,516,482",,"8,675,005",,,"12,817,893",0,"3,293,814","52,083","18,768","1,922,738","570,190","1,351,058","1,587,526","335,812","393,053","89,845","105,510","88,679","178,353","387,018","361,540","13,984","1,916,991","5,738","1,917,321","40,110","149,628","42,918","143,639","195,316","99,925","97,116","85,887","62,631","132,642","245,709","112,704","7,706","50,287","101,601","132,056","15,259","41,803","38,505","127,927"
18-Jan,"64,642,732","39,537,867",,"8,504,618",,,"12,805,399",112,"3,717,331","58,033","19,372","1,922,693","569,149","1,351,945","1,585,934","337,237","392,341","90,609","105,627","89,271","178,042","386,140","362,919","13,913","1,916,727","6,011","1,917,231","40,228","147,307","42,879","143,479","196,230","99,088","97,634","86,604","62,657","132,464","244,569","112,403","7,641","50,854","102,057","132,520","15,274","41,891","38,499","128,395"
18-Feb,"55,620,202","34,264,398",,"7,253,201",,,"10,943,364","1,804","3,054,973","84,319","18,143","1,930,440","573,441","1,355,571","1,592,695","338,224","395,291","90,365","106,282","90,013","179,337","388,962","363,966","14,155","1,924,369","6,165","1,924,875","40,337","152,397","41,529","144,803","196,622","98,861","98,347","87,161","63,186","133,072","244,229","113,026","7,463","50,998","102,286","132,960","15,412","41,922","38,502","128,770"
18-Mar,"57,207,806","35,061,659",,"8,059,778",,,"11,179,679","1,754","2,700,334","182,727","21,875","1,936,970","578,947","1,356,905","1,598,382","339,129","400,595","90,045","108,012","90,578","183,823","394,166","365,023","14,004","1,930,886","6,241","1,931,412","40,195","156,340","42,057","145,337","197,999","99,634","98,275","87,207","63,281","131,541","244,717","113,576","7,416","51,119","102,547","133,305","15,236","41,918","38,451","129,221"
18-Apr,"50,031,270","30,472,185",,"6,917,811",,,"9,741,183","2,098","2,686,909","193,746","17,338","1,937,928","578,333","1,358,417","1,598,082","340,337","400,138","89,364","110,051","90,849","179,854","393,644","366,344","13,912","1,931,844","6,264","1,932,367","40,364","153,516","42,221","145,082","199,314","99,574","97,727","87,152","63,322","131,334","245,265","113,942","7,159","51,405","102,953","133,680","15,175","41,992","38,424","129,761"
18-May,"48,069,188","29,192,152",,"7,139,208",,,"9,062,862","1,969","2,380,387","277,211","15,399","1,948,732","578,917","1,368,418","1,607,626","341,648","399,375","88,620","108,166","91,159","180,158","392,756","367,834","14,100","1,942,609","6,314","1,943,126","40,504","156,553","41,999","146,287","196,700","101,772","100,718","87,690","63,818","132,360","245,680","114,426","6,945","51,574","103,240","134,217","15,413","42,180","38,546","130,424"
18-Jun,"46,988,668","27,964,114",,"7,658,958",,,"8,896,947","1,645","2,164,422","288,243","14,339","1,951,138","580,638","1,369,183","1,609,026","342,608","402,939","91,966","107,968","91,510","183,195","396,236","368,951","14,136","1,944,950","6,413","1,945,452","40,348","156,054","42,205","144,894","199,902","100,499","99,960","87,649","64,089","132,044","246,755","114,856","6,719","51,888","103,451","134,741","15,364","42,293","38,577","130,801"
18-Jul,"52,651,949","30,257,694",,"8,511,908",,,"11,668,956","1,830","1,892,826","303,284","15,451","1,957,065","582,216","1,373,516","1,614,333","343,283","405,802","92,466","107,344","92,292","185,461","399,036","369,848","14,206","1,950,794","6,561","1,951,254","40,052","158,222","43,306","144,106","199,792","101,253","100,110","87,680","64,531","132,399","247,436","115,371","6,573","52,090","103,535","135,141","15,205","42,904","38,569","131,210"
18-Aug,"52,023,757","29,442,704",,"8,480,434",,,"12,032,532","1,521","1,735,911","315,531","15,124","1,960,285","580,933","1,377,835","1,616,794","344,026","405,750","92,044","107,105","93,100","186,819","398,951","370,720","14,089","1,953,994","6,616","1,954,471","39,935","158,811","43,503","143,105","199,126","101,594","100,505","87,677","64,762","133,991","248,178","115,742","6,426","52,234","103,726","135,511","15,101","42,789","38,640","131,516"
18-Sep,"47,146,162","26,133,334",,"7,882,606",,,"10,821,419","1,447","2,076,369","216,212","14,775","1,962,463","579,568","1,381,239","1,618,665","344,367","405,674","92,915","107,134","93,486","184,406","398,793","371,309","14,001","1,956,219","6,572","1,956,784","39,718","157,387","43,427","142,178","200,040","101,092","101,186","88,367","64,965","134,402","248,667","116,135","6,303","52,549","103,831","135,936","15,336","42,849","38,600","131,570"
18-Oct,"50,360,713","28,871,850",,"8,332,360",,,"10,108,125","2,185","2,886,078","141,749","18,366","1,968,287","580,408","1,386,153","1,623,879","345,005","407,603","91,174","108,506","94,270","186,830","400,667","372,123","14,156","1,962,108","6,497","1,962,829","39,519","159,692","43,919","141,452","199,625","102,314","101,399","87,967","65,269","135,964","248,987","116,753","6,160","52,679","103,857","136,361","15,459","42,972","38,709","131,923"
18-Nov,"55,582,816","33,093,348",,"7,992,560",,,"11,103,850","1,396","3,289,983","83,569","18,110","1,964,629","577,062","1,385,646","1,619,740","345,431","405,184","91,704","107,369","94,741","184,825","398,136","372,809","14,159","1,958,539","6,371","1,959,396","39,646","157,172","43,993","140,526","199,039","101,117","101,067","87,313","65,513","135,115","249,210","117,372","6,052","53,186","103,994","136,776","15,548","43,068","38,815","132,054"
18-Dec,"61,146,016","37,347,226",,"8,303,803",,,"12,150,139","1,764","3,262,828","61,154","19,102","1,964,458","572,224","1,389,920","1,619,364","345,609","400,224","91,160","106,856","95,203","179,830","393,101","373,418","14,213","1,958,453","6,247","1,959,339","39,706","153,173","43,342","140,523","197,983","101,890","100,084","87,953","65,907","135,286","249,467","119,074","5,951","53,124","104,015","137,244","15,725","43,534","39,000","132,167"
19-Jan,"65,004,816","40,029,873",,"8,549,062",,,"12,584,367",883,"3,735,117","85,798","19,716","1,965,814","571,335","1,392,074","1,619,913","346,385","398,646","90,886","108,272","95,970","178,373","391,478","374,440","14,199","1,959,609","6,577","1,960,739","40,122","148,889","43,706","140,794","199,101","101,256","100,173","88,554","66,151","135,331","250,680","119,267","5,846","52,930","104,287","137,441","15,611","43,334","38,954","132,724"
19-Feb,"58,953,750","36,476,917",,"6,760,438",,,"12,454,427",0,"3,141,948","101,555","18,465","1,962,068","569,038","1,390,443","1,615,629","346,791","396,227","90,364","107,635","96,871","178,238","389,076","374,868","14,092","1,955,870","6,448","1,956,911","40,127","146,929","44,081","140,822","197,946","101,755","99,839","87,336","66,381","134,503","249,983","119,954","5,716","52,713","104,401","137,708","15,643","43,265","38,961","132,764"
19-Mar,"58,035,343","34,503,522",,"7,036,618",,,"12,762,248",37,"3,502,709","213,984","16,225","1,974,461","575,065","1,397,016","1,627,378","347,547","401,088","90,486","109,391","97,431","179,542","394,018","375,596","14,028","1,967,988","6,851","1,969,343","40,296","151,621","43,372","141,801","199,800","102,872","100,940","88,583","66,492","135,467","250,720","120,340","5,668","52,428","104,849","137,787","15,733","43,719","38,958","132,977"
19-Apr,"49,245,084","29,368,993",,"6,653,391",,,"9,826,118",0,"3,143,370","237,307","15,905","1,981,670","581,113","1,398,510","1,634,327","347,888","407,097","91,339","107,696","97,382","185,657","400,030","375,586","14,131","1,974,713","7,554","1,976,623","40,908","161,213","42,925","141,472","198,997","103,615","99,821","89,515","66,794","135,742","251,243","120,820","5,599","52,068","104,926","137,635","15,572","43,678","38,939","133,049"
19-May,"47,648,024","28,647,501",,"7,242,145",,,"9,417,139",0,"2,043,394","282,489","15,356","1,987,070","584,437","1,400,732","1,639,214","348,414","408,244","91,235","110,653","97,943","184,126","401,308","376,241","14,152","1,979,715","8,142","1,982,060","41,323","158,829","42,864","143,024","201,803","102,674","99,694","90,424","67,059","135,951","252,284","121,053","5,502","51,934","104,948","138,057","15,595","43,800","38,984","133,251"
19-Jun,"46,090,104","26,575,500",,"8,614,105",,,"8,711,451",0,"1,865,440","315,800","7,808","1,991,233","584,093","1,405,117","1,643,170","348,663","405,998","90,420","108,843","99,096","185,593","399,125","376,760","14,286","1,983,734","8,353","1,986,285","41,667","159,786","42,900","144,358","199,195","103,914","100,494","89,929","67,506","136,183","252,913","121,852","5,411","51,943","104,873","138,629","15,673","44,068","39,012","133,260"
19-Jul,"51,665,262","29,046,436",,"8,848,481",,,"11,618,061",0,"1,803,815","338,693","9,776","1,991,531","579,670","1,409,476","1,642,483","349,595","399,646","89,829","108,221","98,956","181,172","392,870","378,029","14,133","1,983,762","8,761","1,986,641","41,670","153,475","42,910","145,863","197,980","104,800","100,566","89,500","67,622","136,783","254,056","122,796","5,309","52,120","105,420","139,035","15,699","43,834","38,943","133,585"
19-Aug,"50,141,218","28,182,732",,"9,017,838",,,"10,851,616",0,"1,765,840","313,145","10,047","1,990,828","578,826","1,409,556","1,641,625","349,716","400,093","90,078","108,027","99,968","181,225","393,322","378,497","14,159","1,983,010","8,799","1,986,009","41,559","154,462","42,571","144,784","198,043","102,657","100,017","89,009","68,046","137,659","254,838","123,600","5,205","52,234","105,280","139,504","15,602","43,825","38,965","133,706"
19-Sep,"46,658,323","25,906,683",,"8,200,224",,,"10,051,850",0,"2,248,352","241,739","9,475","1,993,715","578,900","1,412,318","1,644,633","349,638","399,798","89,934","107,177","100,592","182,199","392,993","378,639","14,133","1,985,880","8,821","1,988,952","41,351","155,285","42,701","145,332","197,060","104,630","99,949","88,145","68,194","138,114","255,385","123,912","5,084","52,300","105,440","139,712","15,749","43,996","38,879","133,482"
19-Oct,"48,748,723","27,040,872",,"8,395,475",,,"10,399,478",0,"2,746,535","153,422","12,941","1,996,798","579,705","1,414,585","1,646,807","350,510","400,128","90,537","105,882","101,130","182,971","393,190","379,738","14,105","1,987,781","10,547","1,992,104","42,727","155,462","43,419","144,705","196,396","103,372","98,976","88,890","68,785","139,019","255,953","124,486","4,985","52,516","105,358","140,245","15,837","43,811","38,864","134,114"
19-Nov,"56,153,835","33,916,695",,"7,626,498",,,"11,289,110",0,"3,209,939","95,965","15,628","1,996,711","577,681","1,416,344","1,646,534","350,667","398,422","90,289","106,275","102,031","181,844","391,446","380,071","14,106","1,988,302","9,616","1,992,078","41,946","152,703","43,625","145,077","196,533","102,917","99,697","88,127","68,971","139,676","256,417","125,062","4,882","52,558","105,201","140,677","15,781","44,023","38,871","134,164"
19-Dec,"62,046,861","37,945,459",,"8,524,981",,,"11,891,937",0,"3,597,413","69,963","17,108","2,002,297","576,017","1,423,321","1,651,227","351,550","396,349","90,531","104,724","102,550","183,036","389,324","381,175","14,072","1,994,456","8,723","1,997,723","41,256","152,454","43,218","146,032","195,246","104,322","100,722","89,232","69,247","140,952","257,012","125,202","4,765","52,624","105,341","141,042","15,941","44,055","38,854","134,756"
20-Jan,"62,688,776","38,793,697",,"8,898,281",,,"12,047,020",0,"2,867,540","69,561","12,677","2,004,924","578,411","1,423,680","1,652,644","352,698","396,527","89,923","103,056","101,954","183,062","389,492","382,240","13,979","1,996,902","8,955","2,000,382","41,521","156,567","42,830","147,849","192,986","104,849","100,651","88,116","69,327","141,503","256,963","125,301","4,640","52,608","105,380","141,381","15,815","43,614","38,867","135,431"
20-Feb,"58,319,993","36,174,255",,"7,438,587",,,"11,033,654",0,"3,540,065","121,613","11,819","2,009,783","581,516","1,425,585","1,657,440","352,794","398,865","90,124","104,304","101,720","184,554","391,807","382,656","14,100","2,001,611","9,073","2,005,213","41,697","157,190","43,007","148,484","194,420","105,294","101,123","87,383","69,288","142,294","257,763","125,936","4,515","52,463","104,895","141,860","15,760","43,047","38,952","135,826"
20-Mar,"57,669,232","35,303,514",,"7,938,734",,,"10,815,471",0,"3,382,756","215,143","13,614","1,861,251","552,482","1,307,399","1,531,636","329,823","373,994","86,478","90,698","98,618","178,378","367,400","353,717","12,002","1,853,262","9,031","1,856,819","41,780","151,737","42,386","143,512","177,299","98,263","89,565","76,184","65,865","138,911","253,772","112,342","4,162","44,289","95,331","129,502","10,782","27,920","33,572","128,757"
20-Apr,"48,788,175","29,069,458",,"7,538,723",,,"8,877,077",0,"3,049,466","243,975","9,476","1,658,387","473,122","1,182,477","1,345,930","311,476","321,952","75,225","65,715","98,021","170,186","315,802","326,399","9,492","1,650,665","8,948","1,654,142","41,428","138,830","41,875","116,960","141,230","80,588","71,327","60,033","63,228","140,472","245,108","109,838","3,791","37,804","86,208","114,327","6,534","15,850","24,314","125,710"
20-May,"46,851,983","28,453,370",,"7,481,037",,,"7,817,487",0,"2,800,984","288,839","10,266","1,733,389","507,964","1,223,588","1,413,309","319,465","338,573","79,145","75,941","98,420","166,090","332,330","335,576","9,487","1,725,567","9,005","1,729,097","42,252","139,498","41,891","133,490","155,296","85,615","84,986","60,927","63,502","140,815","248,294","111,537","3,741","38,873","92,207","117,147","6,318","19,155","27,113","126,220"
20-Jun,"47,297,242","28,247,292",,"7,954,673",,,"8,445,256",0,"2,304,891","334,591","10,539","1,833,539","534,445","1,296,932","1,507,680","326,018","354,598","82,686","90,865","99,130","161,168","347,943","350,251","10,235","1,825,474","9,272","1,829,174","43,055","132,225","42,254","143,186","173,612","99,560","100,048","65,817","64,454","142,380","254,497","114,662","3,683","43,071","94,059","127,606","6,622","24,779","29,849","128,450"
20-Jul,"52,771,287","31,302,190",,"9,057,266",,,"10,182,916",0,"1,878,284","344,554","6,077","1,881,318","543,372","1,335,326","1,545,567","335,855","366,311","86,315","95,101","100,352","160,917","359,609","362,854","10,967","1,873,253","9,259","1,876,944","43,329","134,243","43,270","140,749","181,472","104,763","99,852","68,657","65,240","143,380","259,270","117,458","3,586","43,950","98,301","133,610","7,654","28,812","32,086","130,829"
20-Aug,"51,097,936","29,650,683",,"8,198,305",,,"10,606,857",0,"2,338,958","296,726","6,407","1,899,027","544,410","1,351,642","1,558,680","340,374","366,223","85,828","98,096","101,314","156,455","359,512","367,400","12,200","1,891,035","9,183","1,894,620","43,496","131,867","42,353","141,638","183,926","105,255","99,794","68,191","66,419","144,223","260,786","119,638","3,513","45,730","100,743","134,955","8,261","31,223","33,275","131,641"
20-Sep,"45,688,072","26,196,074",,"6,702,473",,,"9,611,762",0,"2,901,225","269,821","6,717","1,916,771","549,722","1,364,059","1,573,237","343,608","371,773","87,720","98,024","100,988","161,414","365,039","370,838","12,392","1,908,941","9,009","1,912,328","43,443","137,836","41,292","141,639","185,783","105,269","102,788","69,018","66,569","144,621","262,021","121,342","3,461","46,584","101,673","136,089","8,371","31,300","33,923","133,017"
20-Oct,"49,847,235","29,509,348",,"6,955,185",,,"10,117,950",0,"3,086,338","171,538","6,876","1,928,236","551,665","1,373,488","1,583,128","345,263","372,221","88,655","96,328","102,684","165,306","365,425","373,768","12,463","1,920,231","9,406","1,923,799","43,371","138,731","41,741","143,144","185,060","106,263","104,790","70,892","66,768","146,110","261,664","123,127","3,438","47,183","101,847","137,622","8,559","28,876","34,177","134,206"
20-Nov,"53,288,969","31,469,519",,"7,164,213",,,"10,412,961",0,"4,089,494","139,945","12,837","1,941,301","557,894","1,380,507","1,595,833","345,795","379,900","90,619","98,292","103,266","168,786","373,005","374,884","12,412","1,933,118","9,778","1,936,842","43,180","143,275","41,388","142,271","188,992","106,705","105,940","71,842","66,970","148,144","261,511","123,995","3,403","47,632","102,065","138,566","8,304","28,929","34,428","134,154"
20-Dec,"61,263,200","38,446,618",,"7,324,378",,,"11,381,491",0,"4,021,877","74,015","14,821","1,941,070","562,417","1,376,161","1,593,528","347,803","382,791","89,114","98,524","102,545","169,920","375,868","377,145","12,363","1,932,697","10,249","1,936,596","42,876","148,721","41,489","144,134","187,696","105,796","100,244","72,380","66,938","147,995","263,899","123,784","3,403","48,081","102,675","139,255","8,140","25,959","34,376","135,115"
21-Jan,"61,728,305","40,069,727",,"7,637,191",,,"10,922,644",0,"2,993,648","88,504","16,591","1,948,047","566,186","1,379,502","1,599,276","349,083","385,512","89,627","99,842","104,853","172,767","378,735","378,587","12,060","1,939,871","10,100","1,943,536","42,306","150,193","41,190","145,531","189,512","106,292","98,708","72,639","66,721","148,172","265,292","124,685","3,341","48,194","103,074","140,104","7,948","26,421","34,339","135,305"
21-Feb,"57,162,090","36,419,571",,"6,103,830",,,"11,359,111",0,"3,125,903","142,385","11,290","1,953,985","564,510","1,386,812","1,603,574","350,589","379,672","87,469","97,988","103,565","172,117","372,949","380,217","12,139","1,945,706","10,029","1,949,458","41,979","148,083","41,559","149,427","185,493","105,104","104,746","70,968","66,896","148,597","265,990","125,081","3,209","47,403","103,339","141,082","7,988","28,154","34,472","135,682"
21-Mar,"56,656,641","35,436,325",,"6,604,135",,,"9,931,214",0,"4,401,310","265,253","18,404","1,976,422","571,422","1,402,320","1,622,209","354,309","382,957","89,195","99,778","103,400","171,160","376,196","383,872","12,383","1,967,897","10,182","1,971,952","41,598","147,649","41,191","153,210","189,011","107,516","109,708","71,507","67,128","148,031","266,877","125,167","3,046","46,996","104,992","141,868","8,186","31,763","34,479","136,929"
21-Apr,"48,555,490","29,815,313",,"6,914,849",,,"8,537,347",0,"2,980,870","291,710","15,401","1,955,694","568,127","1,385,120","1,604,119","351,525","377,212","88,754","96,434","103,708","168,996","370,454","381,257","12,381","1,947,016","10,251","1,951,297","41,390","146,608","40,596","155,481","185,265","106,952","101,650","70,790","67,369","146,781","265,640","124,958","2,933","47,133","100,941","143,043","8,001","28,938","34,550","137,031"
21-May,"48,110,215","28,994,724",,"7,556,304",,,"8,625,194",0,"2,592,924","329,173","11,896","1,944,735","560,953","1,381,045","1,589,663","354,654","376,375","87,333","95,777","104,131","171,202","369,683","384,368","12,411","1,935,901","10,406","1,940,415","41,038","147,454","41,434","149,887","183,175","106,131","98,693","70,298","67,549","146,519","264,564","125,042","2,872","46,658","103,522","143,880","7,964","27,579","34,483","136,800"
21-Jun,"48,939,953","28,142,017",,"7,907,235",,,"9,935,789",0,"2,643,825","300,645","10,442","1,962,883","566,136","1,393,965","1,605,050","357,414","384,794","88,897","98,192","104,094","176,515","378,061","387,194","12,562","1,953,748","10,703","1,958,613","40,460","150,091","43,032","147,681","187,146","103,868","103,767","70,412","67,954","147,356","264,244","125,510","2,813","46,713","104,692","144,538","8,631","32,163","34,978","137,817"
21-Jul,"49,931,674","29,336,929",,"8,216,039",,,"10,139,576",0,"1,949,930","281,873","7,327","1,971,297","562,364","1,405,635","1,611,954","358,892","384,299","89,035","96,032","104,771","176,440","377,481","388,837","12,931","1,962,072","10,732","1,967,061","38,959","154,473","41,532","146,036","185,156","102,862","103,673","71,938","68,695","148,652","264,587","126,748","2,735","47,122","106,037","144,674","9,525","36,043","35,714","138,022"
21-Aug,"50,332,611","28,175,532",,"8,070,667",,,"11,777,839",0,"1,991,364","302,749","14,460","1,982,696","561,761","1,417,284","1,623,358","359,030","385,083","89,883","96,145","105,466","177,224","378,229","388,812","13,376","1,973,518","10,582","1,978,490","36,977","153,816","41,662","146,536","186,130","103,523","105,326","73,843","69,466","149,932","265,308","127,560","2,633","47,373","106,769","144,707","10,319","38,428","36,333","137,263"
21-Sep,"45,812,955","25,608,634",,"7,628,494",,,"9,390,452",0,"2,866,926","304,228","14,221","1,989,148","560,065","1,425,134","1,627,929","360,882","383,783","88,801","94,446","106,473","179,354","376,856","391,025","13,290","1,979,844","10,760","1,984,978","36,671","156,337","41,512","146,468","183,356","104,657","104,884","74,305","69,778","150,840","265,984","129,431","2,549","47,521","106,953","144,945","11,059","37,917","36,766","139,041"
21-Oct,"48,242,405","27,616,522",,"6,988,918",,,"10,499,940",0,"2,924,887","196,934","15,204","2,006,431","569,652","1,433,163","1,646,125","360,250","391,013","89,734","97,542","107,935","180,869","384,104","390,344","13,477","1,996,921","11,008","2,002,288","37,325","159,455","41,761","148,242","187,356","106,302","105,862","75,385","70,387","151,260","267,982","130,509","2,461","47,723","107,180","144,985","11,901","37,731","37,084","138,108"
21-Nov,"51,705,069","30,222,153",,"6,436,475",,,"10,948,848",0,"3,921,195","159,670","16,728","2,016,034","569,740","1,442,451","1,654,907","361,192","389,057","90,476","99,245","109,193","176,579","382,101","391,349","13,549","2,006,417","11,183","2,011,902","38,860","154,095","41,217","148,774","189,789","108,988","106,151","76,078","71,033","152,072","268,519","131,311","2,391","47,997","107,493","145,063","12,439","38,612","37,325","138,725"
21-Dec,"60,476,265","37,149,884",,"7,312,113",,,"12,135,309",0,"3,787,692","76,995","14,272","2,018,949","572,995","1,442,303","1,657,576","361,538","391,338","91,932","99,957","110,203","176,158","384,328","391,752","13,728","2,009,293","11,301","2,014,827","40,600","152,558","42,039","148,272","191,970","109,556","103,383","76,265","71,523","152,282","269,063","132,140","2,318","48,477","107,666","144,931","12,020","37,971","37,299","139,092"
22-Jan,"65,051,614","40,173,546",,"8,095,449",,,"12,703,795",0,"3,957,553","105,072","16,199","2,015,978","576,564","1,436,091","1,656,314","359,980","391,262","91,427","101,053","110,870","176,473","384,212","390,293","13,350","2,006,392","11,266","2,011,858","40,740","149,056","43,753","151,526","192,537","109,690","106,237","74,267","70,922","152,464","269,993","132,662","2,239","48,532","107,025","144,567","10,690","32,967","37,224","138,628"
22-Feb,"56,206,968","34,904,599",,"7,007,227",,,"10,393,167",0,"3,748,666","141,252","12,057","2,032,745","581,369","1,448,004","1,670,577","362,463","393,820","91,600","101,766","112,150","178,066","386,712","392,727","13,693","2,023,088","11,281","2,028,600","41,103","152,687","42,602","153,395","193,416","108,543","105,779","75,930","71,743","152,588","270,974","133,856","2,183","49,015","107,461","145,109","11,546","37,574","37,386","140,075"
22-Mar,"56,654,463","35,366,406",,"7,049,681",,,"10,216,725",0,"3,788,520","221,128","12,303","2,046,409","587,411","1,455,815","1,684,290","362,542","397,820","92,348","103,984","112,383","178,686","390,707","393,106","13,601","2,036,683","11,429","2,042,273","41,442","154,043","42,245","155,086","196,362","107,652","105,523","77,588","71,912","153,200","269,916","134,921","2,140","49,226","107,117","145,349","13,032","41,653","37,600","140,538"
22-Apr,"50,159,114","31,135,537",,"6,681,505",,,"8,615,347",0,"3,433,217","286,495","7,013","2,053,317","592,445","1,457,943","1,691,975","361,857","402,976","92,123","104,806","112,796","183,428","395,820","392,359","13,627","2,043,731","11,274","2,049,154","41,591","159,076","42,733","155,023","196,944","107,281","106,454","79,322","72,062","152,153","267,770","135,217","2,097","49,430","107,128","145,165","13,947","43,553","37,844","139,972"
